,link,category,location,id,date,countdates,counts
0,https://www.tesla.com/de_DE/careers/search/job/security-shiftlead-m-w-d-gigafactory-berlin-brandenburg-82844,None,"Grünheide (Gigafactory Berlin), Brandenburg",82844.0,2021-02-03,2021-01-28,12.0
110,https://www.tesla.com/de_DE/careers/search/job/electrical-design-engineering-lead-m-f-d-gigafactory-berlin-brandenburg-83001,None,"Grünheide (Gigafactory Berlin), Brandenburg",83001.0,2021-02-03,2020-12-04,1.0
73,https://www.tesla.com/de_DE/careers/search/job/senior-controls-engineer-die-casting-m-w-d-gigafactory-berlin-83231,Manufacturing,"Grünheide (Gigafactory Berlin), Brandenburg",83231.0,2021-02-03,2020-12-03,1.0
32,https://www.tesla.com/de_DE/careers/search/job/kraftfahrer-fr-automobiltransporte-m-w-d-gigafactory-berlin-brandenburg-83251,Manufacturing,"Grünheide (Gigafactory Berlin), Brandenburg",83251.0,2021-02-03,2021-01-12,3.0
4,https://www.tesla.com/de_DE/careers/search/job/security-operations-centre-soc-operator-mitarbeiter-in-leitstelle-m-w-d-gigafactory-berlin-83129,None,"Grünheide (Gigafactory Berlin), Brandenburg",83129.0,2021-02-03,2020-12-16,8.0
298,https://www.tesla.com/de_DE/careers/search/job/planungsingenieur-elektrotechnik-electrical-design-engineer-m-f-d-gigafactory-berlin-brandenburg-72701,Engineering & Information Technology,"Grünheide (Gigafactory Berlin), Brandenburg",72701.0,2021-02-03,,
21,https://www.tesla.com/de_DE/careers/search/job/cad-design-engineer-castings-cad-konstrukteur-gigafactory-berlin-m-w-d-81224,Engineering & Information Technology,"Grünheide (Gigafactory Berlin), Brandenburg",81224.0,2021-02-02,2021-01-13,4.0
192,https://www.tesla.com/de_DE/careers/search/job/construction-quality-control-supervisor-electrical-m-w-d-gigafactory-berlin-60756,Facilities,"Grünheide (Gigafactory Berlin), Brandenburg",60756.0,2021-02-02,,
75,https://www.tesla.com/de_DE/careers/search/job/schichtleiter-schichtleiterin-plastik-lackiererei-supervisor-plastics-paint-m-w-d-gigafactory-berlin-brandenburg-82672,Manufacturing,"Grünheide (Gigafactory Berlin), Brandenburg",82672.0,2021-02-01,2021-01-15,1.0
117,https://www.tesla.com/de_DE/careers/search/job/instandhalter-elektriker-facilities-maintenance-m-w-d-gigafactory-berlin-brandenburg-83021,None,"Grünheide (Gigafactory Berlin), Brandenburg",83021.0,2021-02-01,2020-11-23,1.0
71,https://www.tesla.com/de_DE/careers/search/job/instandhalter-fr-lagerverwaltung-facilities-operations-m-w-d-gigafactory-berlin-brandenburg-83020,None,"Grünheide (Gigafactory Berlin), Brandenburg",83020.0,2021-02-01,2020-04-21,1.0
132,https://www.tesla.com/de_DE/careers/search/job/coordinator-sachbearbeiter-facilities-operations-m-w-d-gigafactory-berlin-79008,Facilities,"Grünheide (Gigafactory Berlin), Brandenburg",79008.0,2021-02-01,,
159,https://www.tesla.com/de_DE/careers/search/job/powder-equipment-development-engineer-m-w-d-cell-engineering-gigafactory-berlin-brandenburg-67705,Manufacturing,"Grünheide (Gigafactory Berlin), Brandenburg",67705.0,2021-01-29,,
302,https://www.tesla.com/de_DE/careers/search/job/test-equipment-engineer-cell-engineering-m-w-d-gigafactory-berlin-brandenburg-70962,Manufacturing,"Grünheide (Gigafactory Berlin), Brandenburg",70962.0,2021-01-29,,
33,https://www.tesla.com/de_DE/careers/search/job/senior-architect-integrated-planning-lead-m-w-d-gigafactory-berlin-79496,Facilities,"Grünheide (Gigafactory Berlin), Brandenburg",79496.0,2021-01-28,2020-11-20,3.0
208,https://www.tesla.com/de_DE/careers/search/job/hvac-cooling-and-chemical-design-lead-m-w-d-gigafactory-berlin-brandenburg-62618,Facilities,"Grünheide (Gigafactory Berlin), Brandenburg",62618.0,2021-01-28,,
203,https://www.tesla.com/de_DE/careers/search/job/senior-cost-control-specialist-w-m-d-gigafactory-berlin-brandenburg-67745,Facilities,"Grünheide (Gigafactory Berlin), Brandenburg",67745.0,2021-01-28,,
301,https://www.tesla.com/de_DE/careers/search/job/manager-maintenance-castings-leitung-instandhaltung-im-bereich-druckgu-gigafactory-berlin-m-w-d-69700,Manufacturing,"Grünheide (Gigafactory Berlin), Brandenburg",69700.0,2021-01-28,,
36,https://www.tesla.com/de_DE/careers/search/job/leiter-projektsteuerung-project-controls-manager-m-f-d-gigafactory-berlin-brandenburg-81353,Facilities,"Grünheide (Gigafactory Berlin), Brandenburg",81353.0,2021-01-28,2020-09-22,3.0
183,https://www.tesla.com/de_DE/careers/search/job/polier-construction-superintendent-m-w-d-gigafactory-berlin-55511,Facilities,"Grünheide (Gigafactory Berlin), Brandenburg",55511.0,2021-01-28,,
261,https://www.tesla.com/de_DE/careers/search/job/bauleitung-infrastruktur-site-manager-civil-infrastructure-m-f-d-gigafactory-berlin-brandenburg-76659,Facilities,"Grünheide (Gigafactory Berlin), Brandenburg",76659.0,2021-01-28,,
276,https://www.tesla.com/de_DE/careers/search/job/bauleiter-site-manager-construction-m-f-d-gigafactory-berlin-66449,Facilities,"Grünheide (Gigafactory Berlin), Brandenburg",66449.0,2021-01-28,,
167,https://www.tesla.com/de_DE/careers/search/job/inbetriebnahme-elektrotechnik-electrical-supervisor-testing-and-commissioning-m-w-d-gigafactory-berlin-70362,Facilities,"Grünheide (Gigafactory Berlin), Brandenburg",70362.0,2021-01-28,,
63,https://www.tesla.com/de_DE/careers/search/job/ingenieur-fr-energiemanagement-utilities-and-energy-engineer-m-w-d-gigafactory-berlin-brandenburg-81548,Engineering & Information Technology,"Grünheide (Gigafactory Berlin), Brandenburg",81548.0,2021-01-28,2020-09-24,2.0
122,https://www.tesla.com/de_DE/careers/search/job/senior-p6-scheduler-construction-m-f-d-gigafactory-berlin-brandenburg-81546,None,"Grünheide (Gigafactory Berlin), Brandenburg",81546.0,2021-01-28,,
58,https://www.tesla.com/de_DE/careers/search/job/planungsingenieur-tga-senior-mechanical-design-engineer-m-f-d-gigafactory-berlin-brandenburg-78894,Engineering & Information Technology,"Grünheide (Gigafactory Berlin), Brandenburg",78894.0,2021-01-28,2020-06-17,2.0
5,https://www.tesla.com/de_DE/careers/search/job/technical-program-management-internship-packaging-engineering-m-w-d-gigafactory-berlin-brandenburg-82658,Manufacturing,"Grünheide (Gigafactory Berlin), Brandenburg",82658.0,2021-01-27,2020-10-12,8.0
254,https://www.tesla.com/de_DE/careers/search/job/technical-program-manager-cell-engineering-can-stamping-gigafactory-berlin-m-w-d-67696,Manufacturing,"Grünheide (Gigafactory Berlin), Brandenburg",67696.0,2021-01-27,,
307,https://www.tesla.com/de_DE/careers/search/job/technical-program-manager-cell-engineering-mixing-gigafactory-berlin-m-w-d-67698,Manufacturing,"Grünheide (Gigafactory Berlin), Brandenburg",67698.0,2021-01-27,,
173,https://www.tesla.com/de_DE/careers/search/job/senior-counsel-compliance-gigafactory-berlin-m-w-d-71397,Legal & Government Affairs,"Grünheide (Gigafactory Berlin), Brandenburg",71397.0,2021-01-27,,
99,https://www.tesla.com/de_DE/careers/search/job/manufacturing-process-engineer-body-shop-gigafactory-berlin-m-w-d-82521,Manufacturing,"Grünheide (Gigafactory Berlin), Brandenburg",82521.0,2021-01-26,2020-07-24,1.0
111,https://www.tesla.com/de_DE/careers/search/job/werkstattmeister-facilities-operations-m-w-d-gigafactory-berlin-80042,Facilities,"Grünheide (Gigafactory Berlin), Brandenburg",80042.0,2021-01-25,2020-10-05,1.0
140,https://www.tesla.com/de_DE/careers/search/job/associate-manager-material-cell-and-chemical-laboratories-m-w-d-gigafactory-berlin-71507,Manufacturing,"Grünheide (Gigafactory Berlin), Brandenburg",71507.0,2021-01-25,,
19,https://www.tesla.com/de_DE/careers/search/job/production-engineering-manager-cell-m-w-d-gigafactory-berlin-brandenburg-82389,Manufacturing,"Grünheide (Gigafactory Berlin), Brandenburg",82389.0,2021-01-25,2020-08-27,4.0
112,https://www.tesla.com/de_DE/careers/search/job/schichtleiter-meister-druckguss-plasma-und-entgraten-m-w-d-gigafactory-berlin-brandenburg-82336,Manufacturing,"Grünheide (Gigafactory Berlin), Brandenburg",82336.0,2021-01-23,2020-08-04,1.0
323,https://www.tesla.com/de_DE/careers/search/job/can-stamping-process-engineer-cell-engineering-m-w-d-gigafactory-berlin-brandenburg-67691,Manufacturing,"Grünheide (Gigafactory Berlin), Brandenburg",67691.0,2021-01-22,,
136,https://www.tesla.com/de_DE/careers/search/job/junior-systems-engineer-facilities-projects-m-w-d-gigafactory-berlin-brandenburg-82072,None,"Grünheide (Gigafactory Berlin), Brandenburg",82072.0,2021-01-22,,
135,https://www.tesla.com/de_DE/careers/search/job/techniker-instandhaltung-core-test-m-w-d-gigafactory-berlin-brandenburg-82270,Manufacturing,"Grünheide (Gigafactory Berlin), Brandenburg",82270.0,2021-01-22,,
64,https://www.tesla.com/de_DE/careers/search/job/paint-engineering-internship-m-w-d-gigafactory-berlin-brandenburg-82256,Manufacturing,"Grünheide (Gigafactory Berlin), Brandenburg",82256.0,2021-01-22,2020-10-06,2.0
123,https://www.tesla.com/de_DE/careers/search/job/associate-production-engineering-manager-cell-m-w-d-gigafactory-berlin-brandenburg-82276,Manufacturing,"Grünheide (Gigafactory Berlin), Brandenburg",82276.0,2021-01-22,,
44,https://www.tesla.com/de_DE/careers/search/job/construction-compliance-internship-m-w-d-gigafactory-berlin-brandenburg-82277,Legal & Government Affairs,"Grünheide (Gigafactory Berlin), Brandenburg",82277.0,2021-01-22,2020-07-22,3.0
105,https://www.tesla.com/de_DE/careers/search/job/instandhalterin-karosseriebau-w-m-d-gigafactory-berlin-brandenburg-82071,Manufacturing,"Grünheide (Gigafactory Berlin), Brandenburg",82071.0,2021-01-21,2021-01-23,1.0
120,https://www.tesla.com/de_DE/careers/search/job/mechanical-engineer-facilities-projects-m-w-d-gigafactory-berlin-brandenburg-81969,None,"Grünheide (Gigafactory Berlin), Brandenburg",81969.0,2021-01-20,,
57,https://www.tesla.com/de_DE/careers/search/job/electrical-engineer-facilities-projects-and-rd-m-w-d-gigafactory-berlin-brandenburg-81966,None,"Grünheide (Gigafactory Berlin), Brandenburg",81966.0,2021-01-20,2020-10-09,2.0
56,https://www.tesla.com/de_DE/careers/search/job/spezialistin-presswerk-w-m-d-gigafactory-berlin-brandenburg-81974,Manufacturing,"Grünheide (Gigafactory Berlin), Brandenburg",81974.0,2021-01-20,2020-12-10,2.0
81,https://www.tesla.com/de_DE/careers/search/job/produkt-techniker-musterbau-und-neuprodukteinfhrung-karosseriebau-m-w-d-gigafactory-berlin-brandenburg-81981,Manufacturing,"Grünheide (Gigafactory Berlin), Brandenburg",81981.0,2021-01-20,2020-08-09,1.0
59,https://www.tesla.com/de_DE/careers/search/job/manager-manufacturing-engineering-can-stamping-m-w-d-gigafactory-berlin-81997,Manufacturing,"Grünheide (Gigafactory Berlin), Brandenburg",81997.0,2021-01-20,2020-10-23,2.0
37,https://www.tesla.com/de_DE/careers/search/job/senior-leader-emea-logistics-m-w-d-gigafactory-berlin-brandenburg-81964,Supply Chain,"Grünheide (Gigafactory Berlin), Brandenburg",81964.0,2021-01-20,2020-11-04,3.0
31,https://www.tesla.com/de_DE/careers/search/job/mechanical-designer-m-f-d-gigafactory-berlin-brandenburg-81550,None,"Grünheide (Gigafactory Berlin), Brandenburg",81550.0,2021-01-18,2020-12-07,3.0
129,https://www.tesla.com/de_DE/careers/search/job/staff-controls-engineer-staff-softwareentwickler-automatisierungstechnik-cell-controls-engineering-m-w-d-gigafactory-berlin-78690,Manufacturing,"Grünheide (Gigafactory Berlin), Brandenburg",78690.0,2021-01-18,,
38,https://www.tesla.com/de_DE/careers/search/job/data-center-engineer-m-w-d-gigafactory-berlin-81545,Engineering & Information Technology,"Grünheide (Gigafactory Berlin), Brandenburg",81545.0,2021-01-18,2020-12-18,3.0
211,https://www.tesla.com/de_DE/careers/search/job/manager-drive-unit-operations-produktionsleitung-drive-unit-m-w-d-gigafactory-berlin-62661,Manufacturing,"Grünheide (Gigafactory Berlin), Brandenburg",62661.0,2021-01-15,,
242,https://www.tesla.com/de_DE/careers/search/job/3d-messtechniker-bediener-m-w-d-gigafactory-berlin-brandenburg-76651,Manufacturing,"Grünheide (Gigafactory Berlin), Brandenburg",76651.0,2021-01-14,,
46,https://www.tesla.com/de_DE/careers/search/job/process-engineer-plastic-paint-gigafactory-berlin-m-w-d-81474,Manufacturing,"Grünheide (Gigafactory Berlin), Brandenburg",81474.0,2021-01-14,2020-06-02,2.0
107,https://www.tesla.com/de_DE/careers/search/job/environmental-engineer-m-w-d-gigafactory-berlin-brandenburg-81378,Facilities,"Grünheide (Gigafactory Berlin), Brandenburg",81378.0,2021-01-14,2021-01-26,1.0
77,https://www.tesla.com/de_DE/careers/search/job/staff-mechanical-engineerm-w-d-autopilot-and-infotainment-gigafactory-berlin-brandenburg-80896,Engineering & Information Technology,"Grünheide (Gigafactory Berlin), Brandenburg",80896.0,2021-01-14,2020-10-07,1.0
11,https://www.tesla.com/de_DE/careers/search/job/associate-manager-paint-plastics-gigafactory-berlin-m-w-d-81475,Manufacturing,"Grünheide (Gigafactory Berlin), Brandenburg",81475.0,2021-01-14,2021-02-03,6.0
176,https://www.tesla.com/de_DE/careers/search/job/3d-messtechniker-programmierer-m-w-d-gigafactory-berlin-brandenburg-76649,Manufacturing,"Grünheide (Gigafactory Berlin), Brandenburg",76649.0,2021-01-14,,
70,https://www.tesla.com/de_DE/careers/search/job/schichtleiter-meister-fr-qualittsinspektion-montage-zerstrende-prfung-im-karosseriebau-lackiererei-gieerei-batteriemodule-m-w-d-gigafactory-berlin-brandenburg-79598,Manufacturing,"Grünheide (Gigafactory Berlin), Brandenburg",79598.0,2021-01-14,2020-12-29,2.0
67,https://www.tesla.com/de_DE/careers/search/job/senior-process-engineer-facilities-m-w-d-gigafactory-berlin-brandenburg-81236,Facilities,"Grünheide (Gigafactory Berlin), Brandenburg",81236.0,2021-01-13,2021-01-29,2.0
217,https://www.tesla.com/de_DE/careers/search/job/senior-controls-engineer-senior-softwareentwickler-automatisierungstechnik-m-w-d-gigafactory-berlin-63226,Manufacturing,"Grünheide (Gigafactory Berlin), Brandenburg",63226.0,2021-01-13,,
92,https://www.tesla.com/de_DE/careers/search/job/construction-cost-specialist-m-w-d-gigafactory-berlin-brandenburg-81373,Finance,"Grünheide (Gigafactory Berlin), Brandenburg",81373.0,2021-01-13,2020-09-18,1.0
76,https://www.tesla.com/de_DE/careers/search/job/unterweiser-mechanik-technician-in-der-fahrzeugendmontage-m-w-d-gigafactory-berlin-brandenburg-81044,Manufacturing,"Grünheide (Gigafactory Berlin), Brandenburg",81044.0,2021-01-13,2020-11-07,1.0
72,https://www.tesla.com/de_DE/careers/search/job/construction-project-management-internship-m-w-d-gigafactory-berlin-brandenburg-81250,Facilities,"Grünheide (Gigafactory Berlin), Brandenburg",81250.0,2021-01-12,2020-10-14,1.0
102,https://www.tesla.com/de_DE/careers/search/job/lead-global-supply-manager-construction-procurement-m-w-d-gigafactory-berlin-77850,Supply Chain,"Grünheide (Gigafactory Berlin), Brandenburg",77850.0,2021-01-12,2020-03-03,1.0
13,https://www.tesla.com/de_DE/careers/search/job/supplier-master-data-manager-m-w-d-gigafactory-berlin-brandenburg-81227,Finance,"Grünheide (Gigafactory Berlin), Brandenburg",81227.0,2021-01-12,2021-01-20,6.0
62,https://www.tesla.com/de_DE/careers/search/job/automation-engineer-general-assembly-m-w-d-gigafactory-berlin-81133,Manufacturing,"Grünheide (Gigafactory Berlin), Brandenburg",81133.0,2021-01-11,2020-10-20,2.0
113,https://www.tesla.com/de_DE/careers/search/job/master-scheduler-m-w-d-gigafactory-berlin-brandenburg-80840,Supply Chain,"Grünheide (Gigafactory Berlin), Brandenburg",80840.0,2021-01-08,2020-09-02,1.0
308,https://www.tesla.com/de_DE/careers/search/job/technical-training-lead-manufacturing-m-w-d-gigafactory-berlin-75198,HR,"Grünheide (Gigafactory Berlin), Brandenburg",75198.0,2021-01-08,,
47,https://www.tesla.com/de_DE/careers/search/job/supervisor-access-control-m-w-d-gigafactory-berlin-80730,Engineering & Information Technology,"Grünheide (Gigafactory Berlin), Brandenburg",80730.0,2021-01-07,2021-02-02,2.0
60,https://www.tesla.com/de_DE/careers/search/job/senior-ergonomist-and-human-factors-engineer-m-w-d-gigafactory-berlin-brandenburg-80803,Facilities,"Grünheide (Gigafactory Berlin), Brandenburg",80803.0,2021-01-07,2020-08-20,2.0
42,https://www.tesla.com/de_DE/careers/search/job/junior-environmental-engineer-junior-umweltingenieur-m-w-d-gigafactory-berlin-brandenburg-80806,Facilities,"Grünheide (Gigafactory Berlin), Brandenburg",80806.0,2021-01-07,2020-11-27,3.0
8,https://www.tesla.com/de_DE/careers/search/job/betriebsarzt-werksarzt-m-w-d-gigafactory-berlin-brandenburg-80732,Facilities,"Grünheide (Gigafactory Berlin), Brandenburg",80732.0,2021-01-07,2021-01-14,7.0
119,https://www.tesla.com/de_DE/careers/search/job/document-controller-construction-sachbearbeitung-informations-und-dokumentenmanagement-bau-m-f-d-gigafactory-berlin-brandenburg-80644,Facilities,"Grünheide (Gigafactory Berlin), Brandenburg",80644.0,2021-01-06,,
126,https://www.tesla.com/de_DE/careers/search/job/associate-manager-of-maintenance-cell-m-w-d-gigafactory-berlin-brandenburg-80719,Manufacturing,"Grünheide (Gigafactory Berlin), Brandenburg",80719.0,2021-01-06,,
69,https://www.tesla.com/de_DE/careers/search/job/packaging-planning-managerm-w-d-gigafactory-berlin-brandenburg-79360,Engineering & Information Technology,"Grünheide (Gigafactory Berlin), Brandenburg",79360.0,2021-01-05,2020-06-09,2.0
91,https://www.tesla.com/de_DE/careers/search/job/industriemechaniker-mechatroniker-bereich-logistik-m-w-d-gigafactory-berlin-brandenburg-80550,Manufacturing,"Grünheide (Gigafactory Berlin), Brandenburg",80550.0,2021-01-05,2020-05-28,1.0
209,https://www.tesla.com/de_DE/careers/search/job/casting-process-tooling-engineer-technologist-aluminium-druckgu-gigafactory-berlin-m-w-d-62655,Manufacturing,"Grünheide (Gigafactory Berlin), Brandenburg",62655.0,2020-12-30,,
124,https://www.tesla.com/de_DE/careers/search/job/production-planner-m-w-d-gigafactory-berlin-brandenburg-80012,Supply Chain,"Grünheide (Gigafactory Berlin), Brandenburg",80012.0,2020-12-29,,
18,https://www.tesla.com/de_DE/careers/search/job/community-relations-partner-m-w-d-gigafactory-berlin-brandenburg-79887,HR,"Grünheide (Gigafactory Berlin), Brandenburg",79887.0,2020-12-29,2020-12-02,4.0
2,https://www.tesla.com/de_DE/careers/search/job/supplier-industrialization-engineer-pcba-m-w-d-gigafactory-berlin-brandenburg-80031,Supply Chain,"Grünheide (Gigafactory Berlin), Brandenburg",80031.0,2020-12-23,2020-12-11,10.0
50,https://www.tesla.com/de_DE/careers/search/job/supplier-industrialization-engineer-top-level-assembly-m-w-d-gigafactory-berlin-brandenburg-80030,Supply Chain,"Grünheide (Gigafactory Berlin), Brandenburg",80030.0,2020-12-23,2020-07-20,2.0
22,https://www.tesla.com/de_DE/careers/search/job/qualittsprfer-montage-m-w-d-gigafactory-berlin-brandenburg-79588,Manufacturing,"Grünheide (Gigafactory Berlin), Brandenburg",79588.0,2020-12-22,2020-11-24,4.0
103,https://www.tesla.com/de_DE/careers/search/job/teamleiter-gruppensprecher-anlagenfhrer-lackiererei-m-w-d-gigafactory-berlin-brandenburg-79871,Manufacturing,"Grünheide (Gigafactory Berlin), Brandenburg",79871.0,2020-12-22,2020-12-09,1.0
15,https://www.tesla.com/de_DE/careers/search/job/qualittstechniker-fr-antriebseinheiten-batteriezellen-und-batteriemodul-pack-m-w-d-gigafactory-berlin-brandenburg-79594,Manufacturing,"Grünheide (Gigafactory Berlin), Brandenburg",79594.0,2020-12-22,2020-08-28,5.0
134,https://www.tesla.com/de_DE/careers/search/job/senior-process-controls-engineer-cells-m-w-d-gigafactory-berlin-79585,Manufacturing,"Grünheide (Gigafactory Berlin), Brandenburg",79585.0,2020-12-22,,
74,https://www.tesla.com/de_DE/careers/search/job/qualittsprfer-und-produktauditor-karosseriebau-m-w-d-gigafactory-berlin-brandenburg-79593,Manufacturing,"Grünheide (Gigafactory Berlin), Brandenburg",79593.0,2020-12-22,2020-12-15,1.0
86,https://www.tesla.com/de_DE/careers/search/job/qualittstechniker-presswerk-m-w-d-gigafactory-berlin-brandenburg-79592,Manufacturing,"Grünheide (Gigafactory Berlin), Brandenburg",79592.0,2020-12-22,2020-04-24,1.0
25,https://www.tesla.com/de_DE/careers/search/job/qualittstechniker-karosseriebau-m-w-d-gigafactory-berlin-brandenburg-79591,Manufacturing,"Grünheide (Gigafactory Berlin), Brandenburg",79591.0,2020-12-22,2021-02-01,4.0
27,https://www.tesla.com/de_DE/careers/search/job/qualittstechniker-montage-m-w-d-gigafactory-berlin-brandenburg-79587,Manufacturing,"Grünheide (Gigafactory Berlin), Brandenburg",79587.0,2020-12-22,2020-11-30,4.0
12,https://www.tesla.com/de_DE/careers/search/job/qualittstechniker-gieerei-cnc-guss-m-w-d-gigafactory-berlin-brandenburg-79590,Manufacturing,"Grünheide (Gigafactory Berlin), Brandenburg",79590.0,2020-12-22,2021-01-22,6.0
234,https://www.tesla.com/de_DE/careers/search/job/manufacturing-design-engineer-fertigungsingenieur-druckguanlagen-gigafactory-berlin-m-w-d-64742,Manufacturing,"Grünheide (Gigafactory Berlin), Brandenburg",64742.0,2020-12-22,,
53,https://www.tesla.com/de_DE/careers/search/job/koordinator-sachbearbeiter-instandhaltung-endmontage-m-w-d-gigafactory-berlin-79600,Manufacturing,"Grünheide (Gigafactory Berlin), Brandenburg",79600.0,2020-12-22,2020-09-07,2.0
125,https://www.tesla.com/de_DE/careers/search/job/global-supply-analyst-indirect-procurement-m-w-d-gigafactory-berlin-brandenburg-79111,Supply Chain,"Grünheide (Gigafactory Berlin), Brandenburg",79111.0,2020-12-22,,
43,https://www.tesla.com/de_DE/careers/search/job/software-engineer-facilities-m-w-d-gigafactory-berlin-79524,Facilities,"Grünheide (Gigafactory Berlin), Brandenburg",79524.0,2020-12-18,2020-08-26,3.0
96,https://www.tesla.com/de_DE/careers/search/job/manager-material-flow-operations-m-w-d-gigafactory-berlin-brandenburg-79572,Supply Chain,"Grünheide (Gigafactory Berlin), Brandenburg",79572.0,2020-12-18,2020-11-09,1.0
289,https://www.tesla.com/de_DE/careers/search/job/instandhalter-m-w-d-gigafactory-berlin-brandenburg-70934,Manufacturing,"Grünheide (Gigafactory Berlin), Brandenburg",70934.0,2020-12-18,,
79,https://www.tesla.com/de_DE/careers/search/job/teamsprecher-vorarbeiter-general-assembly-m-w-d-gigafactory-berlin-brandenburg-79521,Manufacturing,"Grünheide (Gigafactory Berlin), Brandenburg",79521.0,2020-12-17,2020-05-08,1.0
54,https://www.tesla.com/de_DE/careers/search/job/facilities-engineering-lead-79416,Facilities,"Grünheide (Gigafactory Berlin), Brandenburg",79416.0,2020-12-17,2021-01-05,2.0
45,https://www.tesla.com/de_DE/careers/search/job/logistics-financial-analyst-m-w-d-gigafactory-berlin-brandenburg-78415,Supply Chain,"Grünheide (Gigafactory Berlin), Brandenburg",78415.0,2020-12-17,2021-01-25,3.0
121,https://www.tesla.com/de_DE/careers/search/job/senior-mechanical-engineerm-w-d-low-voltage-wire-harness-gigafactory-berlin-brandenburg-78594,Design,"Grünheide (Gigafactory Berlin), Brandenburg",78594.0,2020-12-16,,
3,https://www.tesla.com/de_DE/careers/search/job/process-engineer-material-handling-intralogistics-m-w-d-gigafactory-berlin-brandenburg-78297,Supply Chain,"Grünheide (Gigafactory Berlin), Brandenburg",78297.0,2020-12-16,2020-11-05,10.0
83,https://www.tesla.com/de_DE/careers/search/job/infotainment-launch-engineerm-w-d-gigafactory-berlin-brandenburg-79315,Engineering & Information Technology,"Grünheide (Gigafactory Berlin), Brandenburg",79315.0,2020-12-16,2020-11-10,1.0
17,https://www.tesla.com/de_DE/careers/search/job/interior-launch-engineerm-w-d-gigafactory-berlin-brandenburg-79314,Engineering & Information Technology,"Grünheide (Gigafactory Berlin), Brandenburg",79314.0,2020-12-16,2020-09-01,5.0
85,https://www.tesla.com/de_DE/careers/search/job/equipment-engineer-fertigungsingenieur-battery-modul-pack-m-w-d-battery-module-pack-gigafactory-berlin-brandenburg-79432,Manufacturing,"Grünheide (Gigafactory Berlin), Brandenburg",79432.0,2020-12-16,2021-01-11,1.0
35,https://www.tesla.com/de_DE/careers/search/job/automatisierungstechniker-material-handling-m-w-d-gigafactory-berlin-brandenburg-79326,Manufacturing,"Grünheide (Gigafactory Berlin), Brandenburg",79326.0,2020-12-16,2021-01-18,3.0
55,https://www.tesla.com/de_DE/careers/search/job/hr-systems-support-specialist-m-w-d-gigafactory-berlin-brandenburg-79023,HR,"Grünheide (Gigafactory Berlin), Brandenburg",79023.0,2020-12-16,2020-02-21,2.0
51,https://www.tesla.com/de_DE/careers/search/job/stamping-production-leader-gigafactory-berlin-m-w-d-79400,Manufacturing,"Grünheide (Gigafactory Berlin), Brandenburg",79400.0,2020-12-16,2020-12-23,2.0
215,https://www.tesla.com/de_DE/careers/search/job/tooling-engineer-cell-engineering-m-w-d-gigafactory-berlin-brandenburg-72350,Manufacturing,"Grünheide (Gigafactory Berlin), Brandenburg",72350.0,2020-12-15,,
16,https://www.tesla.com/de_DE/careers/search/job/seat-design-engineerm-w-d-gigafactory-berlin-brandenburg-78955,Engineering & Information Technology,"Grünheide (Gigafactory Berlin), Brandenburg",78955.0,2020-12-11,2020-12-01,5.0
95,https://www.tesla.com/de_DE/careers/search/job/facilities-electrical-engineer-maintenance-m-w-d-gigafactory-berlin-brandenburg-78606,Facilities,"Grünheide (Gigafactory Berlin), Brandenburg",78606.0,2020-12-11,2020-12-30,1.0
106,https://www.tesla.com/de_DE/careers/search/job/water-treatment-engineer-facilities-operations-m-w-d-gigafactory-berlin-78696,Facilities,"Grünheide (Gigafactory Berlin), Brandenburg",78696.0,2020-12-11,2020-08-14,1.0
131,https://www.tesla.com/de_DE/careers/search/job/senior-project-engineer-cells-manufacturing-m-w-d-gigafactory-berlin-79103,Manufacturing,"Grünheide (Gigafactory Berlin), Brandenburg",79103.0,2020-12-11,,
80,https://www.tesla.com/de_DE/careers/search/job/gas-and-chemical-engineer-facilities-operations-m-w-d-gigafactory-berlin-78697,Facilities,"Grünheide (Gigafactory Berlin), Brandenburg",78697.0,2020-12-11,2020-09-15,1.0
66,https://www.tesla.com/de_DE/careers/search/job/konstrukteur-planer-fr-druckgieanlagen-gigafactory-berlin-m-w-d-78995,Manufacturing,"Grünheide (Gigafactory Berlin), Brandenburg",78995.0,2020-12-11,2020-11-03,2.0
7,https://www.tesla.com/de_DE/careers/search/job/water-treatment-engineer-maintenance-m-w-d-gigafactory-berlin-brandenburg-78611,Facilities,"Grünheide (Gigafactory Berlin), Brandenburg",78611.0,2020-12-11,2020-11-18,7.0
52,https://www.tesla.com/de_DE/careers/search/job/coordinator-sachbearbeiter-facilities-operations-m-w-d-gigafactory-berlin-78699,Facilities,"Grünheide (Gigafactory Berlin), Brandenburg",78699.0,2020-12-11,2021-01-08,2.0
116,https://www.tesla.com/de_DE/careers/search/job/gas-and-chemical-engineer-maintenance-m-w-d-gigafactory-berlin-brandenburg-78605,Facilities,"Grünheide (Gigafactory Berlin), Brandenburg",78605.0,2020-12-11,2020-03-18,1.0
118,https://www.tesla.com/de_DE/careers/search/job/mechanical-engineer-facilities-operations-m-w-d-gigafactory-berlin-78691,Facilities,"Grünheide (Gigafactory Berlin), Brandenburg",78691.0,2020-12-11,2020-11-11,1.0
78,https://www.tesla.com/de_DE/careers/search/job/manufacturing-process-engineer-dispensing-cells-m-w-d-gigafactory-berlin-brandenburg-79016,Manufacturing,"Grünheide (Gigafactory Berlin), Brandenburg",79016.0,2020-12-10,2020-05-05,1.0
65,https://www.tesla.com/de_DE/careers/search/job/junior-bauleiter-associate-site-manager-construction-m-f-d-gigafactory-berlin-79005,Facilities,"Grünheide (Gigafactory Berlin), Brandenburg",79005.0,2020-12-10,2020-08-05,2.0
104,https://www.tesla.com/de_DE/careers/search/job/controls-engineer-ingenieur-automatisierungstechnik-battery-module-pack-m-w-d-gigafactory-berlin-brandenburg-78889,Manufacturing,"Grünheide (Gigafactory Berlin), Brandenburg",78889.0,2020-12-09,2021-01-21,1.0
94,https://www.tesla.com/de_DE/careers/search/job/senior-engineer-process-systems-chemicals-utilities-gigafactory-berlin-brandenburg-78792,Engineering & Information Technology,"Grünheide (Gigafactory Berlin), Brandenburg",78792.0,2020-12-08,2020-05-29,1.0
26,https://www.tesla.com/de_DE/careers/search/job/senior-mechanical-design-engineerm-w-d-high-voltage-gigafactory-berlin-brandenburg-78598,Design,"Grünheide (Gigafactory Berlin), Brandenburg",78598.0,2020-12-08,2021-01-07,4.0
28,https://www.tesla.com/de_DE/careers/search/job/schmelzer-fr-aluminium-druckguss-m-w-d-gigafactory-berlin-brandenburg-78591,Manufacturing,"Grünheide (Gigafactory Berlin), Brandenburg",78591.0,2020-12-08,2020-11-25,4.0
90,https://www.tesla.com/de_DE/careers/search/job/manufacturing-process-engineer-laser-cells-m-w-d-gigafactory-berlin-brandenburg-78808,Manufacturing,"Grünheide (Gigafactory Berlin), Brandenburg",78808.0,2020-12-08,2020-11-16,1.0
293,https://www.tesla.com/de_DE/careers/search/job/manager-operations-general-assembly-operative-produktionsleitung-in-der-fahrzeugmontage-m-w-d-gigafactory-berlin-71491,Manufacturing,"Grünheide (Gigafactory Berlin), Brandenburg",71491.0,2020-12-07,,
115,https://www.tesla.com/de_DE/careers/search/job/manufacturing-engineer-paint-process-equipment-gigafactory-berlin-m-w-d-77947,Manufacturing,"Grünheide (Gigafactory Berlin), Brandenburg",77947.0,2020-12-07,2020-07-16,1.0
100,https://www.tesla.com/de_DE/careers/search/job/staff-packaging-engineer-m-w-d-gigafactory-berlin-brandenburg-78314,Design,"Grünheide (Gigafactory Berlin), Brandenburg",78314.0,2020-12-07,2020-08-11,1.0
39,https://www.tesla.com/de_DE/careers/search/job/integration-engineer-electronic-systems-m-w-d-gigafactory-berlin-brandenburg-78071,Engineering & Information Technology,"Grünheide (Gigafactory Berlin), Brandenburg",78071.0,2020-12-04,2020-10-02,3.0
41,https://www.tesla.com/de_DE/careers/search/job/controls-engineer-cells-automation-engineer-cells-m-w-d-gigafactory-berlin-brandenburg-78503,Manufacturing,"Grünheide (Gigafactory Berlin), Brandenburg",78503.0,2020-12-03,2020-12-17,3.0
133,https://www.tesla.com/de_DE/careers/search/job/manager-of-maintenance-cell-leitung-der-instandhaltung-batteriezellenfertigung-m-w-d-gigafactory-berlin-brandenburg-78405,Manufacturing,"Grünheide (Gigafactory Berlin), Brandenburg",78405.0,2020-12-02,,
34,https://www.tesla.com/de_DE/careers/search/job/associate-operations-manager-cell-m-w-d-gigafactory-berlin-brandenburg-78401,Manufacturing,"Grünheide (Gigafactory Berlin), Brandenburg",78401.0,2020-12-02,2020-07-19,3.0
93,https://www.tesla.com/de_DE/careers/search/job/operations-manager-cell-leitung-der-produktion-batteriezellenfertigung-m-w-d-gigafactory-berlin-brandenburg-78404,Manufacturing,"Grünheide (Gigafactory Berlin), Brandenburg",78404.0,2020-12-02,2020-06-19,1.0
49,https://www.tesla.com/de_DE/careers/search/job/metrology-and-materials-engineer-cell-m-w-d-gigafactory-berlin-brandenburg-78408,Manufacturing,"Grünheide (Gigafactory Berlin), Brandenburg",78408.0,2020-12-02,2020-10-15,2.0
182,https://www.tesla.com/de_DE/careers/search/job/senior-cloud-security-engineer-platform-security-m-w-d-gigafactory-berlin-76753,Engineering & Information Technology,"Grünheide (Gigafactory Berlin), Brandenburg",76753.0,2020-12-01,,
89,https://www.tesla.com/de_DE/careers/search/job/lagerfachkraft-inhouse-logistik-m-w-d-gigafactory-berlin-brandenburg-78315,Manufacturing,"Grünheide (Gigafactory Berlin), Brandenburg",78315.0,2020-12-01,2020-11-13,1.0
88,https://www.tesla.com/de_DE/careers/search/job/global-supply-manager-construction-m-w-d-gigafactory-berlin-77851,Supply Chain,"Grünheide (Gigafactory Berlin), Brandenburg",77851.0,2020-12-01,2020-06-11,1.0
10,https://www.tesla.com/de_DE/careers/search/job/anlagenmechaniker-fr-sanitr-heizungs-und-klimatechnik-m-w-d-gigafactory-berlin-brandenburg-78304,Facilities,"Grünheide (Gigafactory Berlin), Brandenburg",78304.0,2020-12-01,2020-11-06,6.0
84,https://www.tesla.com/de_DE/careers/search/job/senior-architect-integrated-planner-m-w-d-gigafactory-berlin-78321,Facilities,"Grünheide (Gigafactory Berlin), Brandenburg",78321.0,2020-12-01,2020-03-28,1.0
30,https://www.tesla.com/de_DE/careers/search/job/senior-electrical-engineer-cells-m-w-d-gigafactory-berlin-78088,Manufacturing,"Grünheide (Gigafactory Berlin), Brandenburg",78088.0,2020-11-30,2020-11-19,3.0
101,https://www.tesla.com/de_DE/careers/search/job/system-key-user-material-handling-intralogistics-m-w-d-gigafactory-berlin-78038,Supply Chain,"Grünheide (Gigafactory Berlin), Brandenburg",78038.0,2020-11-30,2020-04-22,1.0
14,https://www.tesla.com/de_DE/careers/search/job/bauingenieur-als-planungskoordinator-m-w-d-gigafactory-berlin-brandenburg-78179,Facilities,"Grünheide (Gigafactory Berlin), Brandenburg",78179.0,2020-11-30,2020-10-29,6.0
130,https://www.tesla.com/de_DE/careers/search/job/schichtleiter-meister-cell-m-w-d-gigafactory-berlin-brandenburg-77855,Manufacturing,"Grünheide (Gigafactory Berlin), Brandenburg",77855.0,2020-11-30,,
61,https://www.tesla.com/de_DE/careers/search/job/production-engineer-equipment-cell-manufacturing-m-w-d-gigafactory-berlin-brandenburg-78072,Manufacturing,"Grünheide (Gigafactory Berlin), Brandenburg",78072.0,2020-11-27,2020-07-15,2.0
108,https://www.tesla.com/de_DE/careers/search/job/qualittstechniker-montage-m-w-d-gigafactory-berlin-brandenburg-78107,Manufacturing,"Grünheide (Gigafactory Berlin), Brandenburg",78107.0,2020-11-27,2020-09-14,1.0
1,https://www.tesla.com/de_DE/careers/search/job/production-engineer-process-engineering-cell-manufacturing-m-w-d-gigafactory-berlin-brandenburg-78067,Manufacturing,"Grünheide (Gigafactory Berlin), Brandenburg",78067.0,2020-11-27,2020-12-22,12.0
23,https://www.tesla.com/de_DE/careers/search/job/senior-quality-engineer-cells-m-w-d-gigafactory-berlin-77991,Manufacturing,"Grünheide (Gigafactory Berlin), Brandenburg",77991.0,2020-11-25,2021-01-27,4.0
97,https://www.tesla.com/de_DE/careers/search/job/schichtleiter-schichtleiterin-lackiererei-supervisor-paint-m-w-d-gigafactory-berlin-brandenburg-77946,Manufacturing,"Grünheide (Gigafactory Berlin), Brandenburg",77946.0,2020-11-25,2020-08-24,1.0
195,https://www.tesla.com/de_DE/careers/search/job/mechanical-design-engineer-cell-engineering-m-w-d-gigafactory-berlin-brandenburg-67560,Engineering & Information Technology,"Grünheide (Gigafactory Berlin), Brandenburg",67560.0,2020-11-25,,
109,https://www.tesla.com/de_DE/careers/search/job/senior-quality-engineer-paint-m-w-d-gigafactory-berlin-77956,Manufacturing,"Grünheide (Gigafactory Berlin), Brandenburg",77956.0,2020-11-25,2020-03-17,1.0
20,https://www.tesla.com/de_DE/careers/search/job/sr-mechanical-design-engineer-cell-manufacturing-gigafactory-berlin-m-w-d-77833,Manufacturing,"Grünheide (Gigafactory Berlin), Brandenburg",77833.0,2020-11-24,2020-12-08,4.0
68,https://www.tesla.com/de_DE/careers/search/job/anlagenbetreiber-karosseriebau-m-w-d-gigafactory-berlin-brandenburg-77829,Manufacturing,"Grünheide (Gigafactory Berlin), Brandenburg",77829.0,2020-11-24,2020-06-12,2.0
87,https://www.tesla.com/de_DE/careers/search/job/schichtleiter-schichtleiterin-supervisor-general-assembly-m-w-d-gigafactory-berlin-brandenburg-77903,Manufacturing,"Grünheide (Gigafactory Berlin), Brandenburg",77903.0,2020-11-24,2020-03-25,1.0
6,https://www.tesla.com/de_DE/careers/search/job/instandhalter-cell-m-w-d-gigafactory-berlin-brandenburg-77841,Manufacturing,"Grünheide (Gigafactory Berlin), Brandenburg",77841.0,2020-11-24,2020-10-19,8.0
40,https://www.tesla.com/de_DE/careers/search/job/manufacturing-engineer-cell-engineering-assembly-m-w-d-gigafactory-berlin-brandenburg-77734,Manufacturing,"Grünheide (Gigafactory Berlin), Brandenburg",77734.0,2020-11-23,2020-06-08,3.0
163,https://www.tesla.com/de_DE/careers/search/job/bauleitung-tga-site-manager-mechanical-m-f-d-gigafactory-berlin-brandenburg-68400,Facilities,"Grünheide (Gigafactory Berlin), Brandenburg",68400.0,2020-11-20,,
29,https://www.tesla.com/de_DE/careers/search/job/teamleiter-karosseriebau-m-w-d-gigafactory-berlin-brandenburg-77511,Manufacturing,"Grünheide (Gigafactory Berlin), Brandenburg",77511.0,2020-11-20,2020-11-12,3.0
127,https://www.tesla.com/de_DE/careers/search/job/senior-manufacturing-engineer-cell-engineering-assembly-m-w-d-gigafactory-berlin-brandenburg-77588,Manufacturing,"Grünheide (Gigafactory Berlin), Brandenburg",77588.0,2020-11-20,,
9,https://www.tesla.com/de_DE/careers/search/job/produkt-techniker-musterbau-und-neuprodukteinfhrung-prototyping-additive-fertigung-m-w-d-gigafactory-berlin-brandenburg-77495,Manufacturing,"Grünheide (Gigafactory Berlin), Brandenburg",77495.0,2020-11-19,2020-09-28,7.0
98,https://www.tesla.com/de_DE/careers/search/job/maintenance-planner-material-handling-equipment-m-w-d-gigafactory-berlin-77504,Supply Chain,"Grünheide (Gigafactory Berlin), Brandenburg",77504.0,2020-11-19,2020-10-26,1.0
24,https://www.tesla.com/de_DE/careers/search/job/emea-master-data-specialist-77379,Finance,"Grünheide (Gigafactory Berlin), Brandenburg",77379.0,2020-11-19,2020-08-25,4.0
250,https://www.tesla.com/de_DE/careers/search/job/instandhalter-fr-das-energiezentrum-facilities-operations-m-w-d-gigafactory-berlin-76855,Facilities,"Grünheide (Gigafactory Berlin), Brandenburg",76855.0,2020-11-18,,
114,https://www.tesla.com/de_DE/careers/search/job/teamleiter-powertrain-m-w-d-gigafactory-berlin-brandenburg-77159,Manufacturing,"Grünheide (Gigafactory Berlin), Brandenburg",77159.0,2020-11-18,2020-11-17,1.0
82,https://www.tesla.com/de_DE/careers/search/job/process-engineer-prozessingenieur-battery-montage-m-w-d-gigafactory-berlin-brandenburg-77163,Manufacturing,"Grünheide (Gigafactory Berlin), Brandenburg",77163.0,2020-11-18,2020-09-09,1.0
48,https://www.tesla.com/de_DE/careers/search/job/senior-manager-cell-controls-engineering-m-w-d-gigafactory-berlin-77181,Manufacturing,"Grünheide (Gigafactory Berlin), Brandenburg",77181.0,2020-11-18,2021-01-06,2.0
315,https://www.tesla.com/de_DE/careers/search/job/meister-instandhaltung-facilities-operations-m-w-d-gigafactory-berlin-76852,Facilities,"Grünheide (Gigafactory Berlin), Brandenburg",76852.0,2020-11-18,,
147,https://www.tesla.com/de_DE/careers/search/job/instandhalter-fr-automatisierung-msr-facilities-operations-m-w-d-gigafactory-berlin-76857,Facilities,"Grünheide (Gigafactory Berlin), Brandenburg",76857.0,2020-11-18,,
282,https://www.tesla.com/de_DE/careers/search/job/instandhalter-fr-lagerverwaltung-facilities-operations-m-w-d-gigafactory-berlin-brandenburg-76853,Facilities,"Grünheide (Gigafactory Berlin), Brandenburg",76853.0,2020-11-18,,
128,https://www.tesla.com/de_DE/careers/search/job/electrical-engineer-elektroingenieur-fahrzeugendmontage-m-w-d-gigafactory-berlin-77078,Manufacturing,"Grünheide (Gigafactory Berlin), Brandenburg",77078.0,2020-11-17,,
314,https://www.tesla.com/de_DE/careers/search/job/ingenieur-gebudeinstandhaltung-facilities-maintenance-engineer-m-w-d-gigafactory-berlin-brandenburg-76947,Facilities,"Grünheide (Gigafactory Berlin), Brandenburg",76947.0,2020-11-16,,
180,https://www.tesla.com/de_DE/careers/search/job/betriebsingenieur-facility-management-m-w-d-gigafactory-berlin-brandenburg-76946,Facilities,"Grünheide (Gigafactory Berlin), Brandenburg",76946.0,2020-11-13,,
155,https://www.tesla.com/de_DE/careers/search/job/immigration-specialist-emea-m-w-d-gigafactory-berlin-brandenburg-76784,Legal & Government Affairs,"Grünheide (Gigafactory Berlin), Brandenburg",76784.0,2020-11-12,,
305,https://www.tesla.com/de_DE/careers/search/job/produkt-techniker-musterbau-und-neuprodukteinfhrung-innenraum-m-w-d-gigafactory-berlin-brandenburg-76303,Manufacturing,"Grünheide (Gigafactory Berlin), Brandenburg",76303.0,2020-11-12,,
265,https://www.tesla.com/de_DE/careers/search/job/projektingenieur-neuprodukteinfhrung-gieerei-rohbau-sitze-endmontage-m-w-d-gigafactory-berlin-76850,Manufacturing,"Grünheide (Gigafactory Berlin), Brandenburg",76850.0,2020-11-12,,
245,https://www.tesla.com/de_DE/careers/search/job/meister-supervisor-logistik-m-w-d-gigafactory-berlin-76777,Manufacturing,"Grünheide (Gigafactory Berlin), Brandenburg",76777.0,2020-11-11,,
149,https://www.tesla.com/de_DE/careers/search/job/bauleitung-abwasserbehandlung-process-wastewater-treatment-m-f-d-gigafactory-berlin-brandenburg-76658,Facilities,"Grünheide (Gigafactory Berlin), Brandenburg",76658.0,2020-11-10,,
288,https://www.tesla.com/de_DE/careers/search/job/schichtleiter-meister-spritzguss-produktion-m-w-d-gigafactory-berlin-76529,Manufacturing,"Grünheide (Gigafactory Berlin), Brandenburg",76529.0,2020-11-09,,
292,https://www.tesla.com/de_DE/careers/search/job/manufacturing-engineering-manager-cell-engineering-m-w-d-gigafactory-berlin-brandenburg-76416,Manufacturing,"Grünheide (Gigafactory Berlin), Brandenburg",76416.0,2020-11-07,,
264,https://www.tesla.com/de_DE/careers/search/job/operational-leader-cells-m-w-d-gigafactory-berlin-brandenburg-76351,Manufacturing,"Grünheide (Gigafactory Berlin), Brandenburg",76351.0,2020-11-06,,
164,https://www.tesla.com/de_DE/careers/search/job/produkt-techniker-musterbau-und-neuprodukteinfhrung-exterior-m-w-d-gigafactory-berlin-brandenburg-76305,Manufacturing,"Grünheide (Gigafactory Berlin), Brandenburg",76305.0,2020-11-06,,
318,https://www.tesla.com/de_DE/careers/search/job/produkt-techniker-musterbau-und-neuprodukteinfhrung-fahrzeugakustik-nvh-dichtheitsprfung-m-w-d-gigafactory-berlin-brandenburg-76306,Manufacturing,"Grünheide (Gigafactory Berlin), Brandenburg",76306.0,2020-11-06,,
286,https://www.tesla.com/de_DE/careers/search/job/produkt-techniker-inbetriebnahme-musterbau-und-neuprodukteinfhrung-m-w-d-gigafactory-berlin-brandenburg-76308,Manufacturing,"Grünheide (Gigafactory Berlin), Brandenburg",76308.0,2020-11-06,,
172,https://www.tesla.com/de_DE/careers/search/job/produkt-techniker-musterbau-und-neuprodukteinfhrung-farb-und-lacktechnik-m-w-d-gigafactory-berlin-brandenburg-76312,Manufacturing,"Grünheide (Gigafactory Berlin), Brandenburg",76312.0,2020-11-06,,
218,https://www.tesla.com/de_DE/careers/search/job/construction-safety-specialist-sigeko-m-w-d-gigafactory-berlin-63773,Facilities,"Grünheide (Gigafactory Berlin), Brandenburg",63773.0,2020-11-06,,
313,https://www.tesla.com/de_DE/careers/search/job/production-engineering-lead-battery-leitung-der-produktions-serienplanung-der-batteriemontage-m-w-d-gigafactory-berlin-brandenburg-76301,Manufacturing,"Grünheide (Gigafactory Berlin), Brandenburg",76301.0,2020-11-05,,
311,https://www.tesla.com/de_DE/careers/search/job/meister-fr-techniker-in-musterbau-und-neuprodukteinfhrung-chassis-und-fahrzeugmontage-m-w-d-gigafactory-berlin-brandenburg-76300,Manufacturing,"Grünheide (Gigafactory Berlin), Brandenburg",76300.0,2020-11-05,,
290,https://www.tesla.com/de_DE/careers/search/job/automation-equipment-engineer-foundry-gigafactory-berlin-m-w-d-76296,Manufacturing,"Grünheide (Gigafactory Berlin), Brandenburg",76296.0,2020-11-05,,
142,https://www.tesla.com/de_DE/careers/search/job/meister-fr-techniker-in-musterbau-und-neuprodukteinfhrung-fr-die-musterfertigungslinie-m-w-d-gigafactory-berlin-brandenburg-76302,Manufacturing,"Grünheide (Gigafactory Berlin), Brandenburg",76302.0,2020-11-05,,
181,https://www.tesla.com/de_DE/careers/search/job/financial-controller-m-w-d-gigafactory-berlin-74609,Finance,"Grünheide (Gigafactory Berlin), Brandenburg",74609.0,2020-11-05,,
296,https://www.tesla.com/de_DE/careers/search/job/instandhalter-karosseriebau-m-w-d-gigafactory-berlin-brandenburg-76114,Manufacturing,"Grünheide (Gigafactory Berlin), Brandenburg",76114.0,2020-11-05,,
251,https://www.tesla.com/de_DE/careers/search/job/senior-manager-cell-shop-m-w-d-gigafactory-berlin-brandenburg-76311,Manufacturing,"Grünheide (Gigafactory Berlin), Brandenburg",76311.0,2020-11-05,,
160,https://www.tesla.com/de_DE/careers/search/job/bauleitung-elektrotechnik-site-manager-electrical-m-f-d-gigafactory-berlin-76304,Facilities,"Grünheide (Gigafactory Berlin), Brandenburg",76304.0,2020-11-05,,
246,https://www.tesla.com/de_DE/careers/search/job/lackiererei-anlagenfhrer-decklackapplikation-m-w-d-gigafactory-berlin-brandenburg-76110,Manufacturing,"Grünheide (Gigafactory Berlin), Brandenburg",76110.0,2020-11-05,,
197,https://www.tesla.com/de_DE/careers/search/job/lackiererei-anlagenfhrer-nahtapplikation-m-w-d-gigafactory-berlin-brandenburg-76106,Manufacturing,"Grünheide (Gigafactory Berlin), Brandenburg",76106.0,2020-11-05,,
257,https://www.tesla.com/de_DE/careers/search/job/construction-quality-control-supervisor-mechanical-m-w-d-gigafactory-berlin-brandenburg-76223,Facilities,"Grünheide (Gigafactory Berlin), Brandenburg",76223.0,2020-11-04,,
317,https://www.tesla.com/de_DE/careers/search/job/instandhalter-batterie-m-w-d-gigafactory-berlin-brandenburg-73156,Manufacturing,"Grünheide (Gigafactory Berlin), Brandenburg",73156.0,2020-11-04,,
287,https://www.tesla.com/de_DE/careers/search/job/manufacturing-equipment-engineer-m-w-d-cell-manufacturing-gigafactory-berlin-brandenburg-76235,Manufacturing,"Grünheide (Gigafactory Berlin), Brandenburg",76235.0,2020-11-04,,
139,https://www.tesla.com/de_DE/careers/search/job/produkt-techniker-musterbau-und-neuprodukteinfhrung-fahrwerk-m-w-d-gigafactory-berlin-brandenburg-74325,Manufacturing,"Grünheide (Gigafactory Berlin), Brandenburg",74325.0,2020-11-03,,
279,https://www.tesla.com/de_DE/careers/search/job/global-supply-analyst-logistics-freight-m-w-d-gigafactory-berlin-75981,Supply Chain,"Grünheide (Gigafactory Berlin), Brandenburg",75981.0,2020-11-03,,
199,https://www.tesla.com/de_DE/careers/search/job/technical-training-instructor-w-m-d-gigafactory-berlin-75197,HR,"Grünheide (Gigafactory Berlin), Brandenburg",75197.0,2020-10-29,,
319,https://www.tesla.com/de_DE/careers/search/job/fehleranalyst-fr-musterbau-und-neuprodukteinfhrung-batterie-antriebseinheit-m-w-d-gigafactory-berlin-brandenburg-74309,Manufacturing,"Grünheide (Gigafactory Berlin), Brandenburg",74309.0,2020-10-29,,
256,https://www.tesla.com/de_DE/careers/search/job/factory-software-engineering-manager-m-w-d-gigafactory-berlin-brandenburg-73940,Engineering & Information Technology,"Grünheide (Gigafactory Berlin), Brandenburg",73940.0,2020-10-29,,
193,https://www.tesla.com/de_DE/careers/search/job/inventory-and-cost-manager-m-w-d-gigafactory-berlin-74455,Finance,"Grünheide (Gigafactory Berlin), Brandenburg",74455.0,2020-10-29,,
200,https://www.tesla.com/de_DE/careers/search/job/fixed-asset-analyst-m-w-d-gigafactory-berlin-74612,Finance,"Grünheide (Gigafactory Berlin), Brandenburg",74612.0,2020-10-29,,
137,https://www.tesla.com/de_DE/careers/search/job/wireless-network-engineer-m-w-d-gigafactory-berlin-brandenburg-74712,Engineering & Information Technology,"Grünheide (Gigafactory Berlin), Brandenburg",74712.0,2020-10-29,,
198,https://www.tesla.com/de_DE/careers/search/job/global-supply-manager-cell-m-w-d-gigafactory-berlin-brandenburg-68203,Supply Chain,"Grünheide (Gigafactory Berlin), Brandenburg",68203.0,2020-10-26,,
153,https://www.tesla.com/de_DE/careers/search/job/senior-controls-engineer-senior-softwareentwickler-automatisierungstechnik-cell-controls-engineeringm-w-d-gigafactory-berlin-74838,Manufacturing,"Grünheide (Gigafactory Berlin), Brandenburg",74838.0,2020-10-23,,
158,https://www.tesla.com/de_DE/careers/search/job/controls-engineer-softwareentwickler-automatisierungstechnik-cell-controls-engineering-m-w-d-gigafactory-berlin-74850,Manufacturing,"Grünheide (Gigafactory Berlin), Brandenburg",74850.0,2020-10-23,,
143,https://www.tesla.com/de_DE/careers/search/job/senior-electrical-engineer-m-w-d-gigafactory-berlin-74588,Manufacturing,"Grünheide (Gigafactory Berlin), Brandenburg",74588.0,2020-10-20,,
185,https://www.tesla.com/de_DE/careers/search/job/technical-program-manager-buildings-m-w-d-gigafactory-berlin-56345,Engineering & Information Technology,"Grünheide (Gigafactory Berlin), Brandenburg",56345.0,2020-10-20,,
272,https://www.tesla.com/de_DE/careers/search/job/technical-program-manager-general-assembly-m-w-d-gigafactory-berlin-74139,Manufacturing,"Grünheide (Gigafactory Berlin), Brandenburg",74139.0,2020-10-19,,
138,https://www.tesla.com/de_DE/careers/search/job/sr-controls-automation-engineer-plc-programmer-biw-gigafactory-berlin-m-w-d-74317,Manufacturing,"Grünheide (Gigafactory Berlin), Brandenburg",74317.0,2020-10-19,,
151,https://www.tesla.com/de_DE/careers/search/job/schichtleiter-meister-antriebseinheit-m-w-d-gigafactory-berlin-brandenburg-73149,Manufacturing,"Grünheide (Gigafactory Berlin), Brandenburg",73149.0,2020-10-19,,
187,https://www.tesla.com/de_DE/careers/search/job/process-engineer-prozessingenieur-laserschweien-m-w-d-gigafactory-berlin-brandenburg-74460,Manufacturing,"Grünheide (Gigafactory Berlin), Brandenburg",74460.0,2020-10-19,,
266,https://www.tesla.com/de_DE/careers/search/job/instandhalter-antriebseinheit-m-w-d-gigafactory-berlin-brandenburg-73157,Manufacturing,"Grünheide (Gigafactory Berlin), Brandenburg",73157.0,2020-10-19,,
316,https://www.tesla.com/de_DE/careers/search/job/meister-musterbau-und-neuprodukteinfhrung-batterie-antriebseinheit-m-w-d-gigafactory-berlin-brandenburg-74306,Manufacturing,"Grünheide (Gigafactory Berlin), Brandenburg",74306.0,2020-10-19,,
154,https://www.tesla.com/de_DE/careers/search/job/craftsmanship-dimensional-engineer-m-w-d-gigafactory-berlin-brandenburg-74011,Manufacturing,"Grünheide (Gigafactory Berlin), Brandenburg",74011.0,2020-10-19,,
322,https://www.tesla.com/de_DE/careers/search/job/produkt-techniker-musterbau-und-neuprodukteinfhrung-batterie-antriebseinheit-m-w-d-gigafactory-berlin-brandenburg-74308,Manufacturing,"Grünheide (Gigafactory Berlin), Brandenburg",74308.0,2020-10-19,,
258,https://www.tesla.com/de_DE/careers/search/job/powder-equipment-development-engineer-cell-engineering-m-w-d-gigafactory-berlin-brandenburg-74145,Manufacturing,"Grünheide (Gigafactory Berlin), Brandenburg",74145.0,2020-10-15,,
237,https://www.tesla.com/de_DE/careers/search/job/roll-to-roll-equipment-development-engineer-cell-engineering-m-w-d-gigafactory-berlin-brandenburg-74146,Manufacturing,"Grünheide (Gigafactory Berlin), Brandenburg",74146.0,2020-10-15,,
171,https://www.tesla.com/de_DE/careers/search/job/fertigungsingenieur-equipment-engineer-m-w-d-gigafactory-berlin-74014,Manufacturing,"Grünheide (Gigafactory Berlin), Brandenburg",74014.0,2020-10-14,,
252,https://www.tesla.com/de_DE/careers/search/job/control-techniker-lackiererei-gigafactory-berlin-brandenburg-m-w-d-73514,Manufacturing,"Grünheide (Gigafactory Berlin), Brandenburg",73514.0,2020-10-12,,
241,https://www.tesla.com/de_DE/careers/search/job/senior-people-development-partner-m-w-d-gigafactory-berlin-73395,HR,"Grünheide (Gigafactory Berlin), Brandenburg",73395.0,2020-10-12,,
148,https://www.tesla.com/de_DE/careers/search/job/demand-planner-emea-73326,Operations & Business Support,"Grünheide (Gigafactory Berlin), Brandenburg",73326.0,2020-10-12,,
238,https://www.tesla.com/de_DE/careers/search/job/outbound-logistics-manager-m-w-d-gigafactory-berlin-brandenburg-73320,Manufacturing,"Grünheide (Gigafactory Berlin), Brandenburg",73320.0,2020-10-12,,
168,https://www.tesla.com/de_DE/careers/search/job/schichtleiter-meister-batterie-m-w-d-gigafactory-berlin-brandenburg-73148,Manufacturing,"Grünheide (Gigafactory Berlin), Brandenburg",73148.0,2020-10-12,,
304,https://www.tesla.com/de_DE/careers/search/job/schichtleiter-meister-instandhaltung-batterie-und-antriebseinheit-m-w-d-gigafactory-berlin-brandenburg-73153,Manufacturing,"Grünheide (Gigafactory Berlin), Brandenburg",73153.0,2020-10-12,,
270,https://www.tesla.com/de_DE/careers/search/job/teamleiter-operations-lackiererei-m-w-d-gigafactory-berlin-brandenburg-73584,Manufacturing,"Grünheide (Gigafactory Berlin), Brandenburg",73584.0,2020-10-12,,
320,https://www.tesla.com/de_DE/careers/search/job/teamleiter-instandhaltung-equipment-lackiererei-m-w-d-gigafactory-berlin-brandenburg-73511,Manufacturing,"Grünheide (Gigafactory Berlin), Brandenburg",73511.0,2020-10-12,,
179,https://www.tesla.com/de_DE/careers/search/job/process-engineer-cell-manufacturing-m-w-d-gigafactory-berlin-brandenburg-66531,Manufacturing,"Grünheide (Gigafactory Berlin), Brandenburg",66531.0,2020-10-09,,
244,https://www.tesla.com/de_DE/careers/search/job/process-development-engineer-cells-m-w-d-gigafactory-berlin-brandenburg-66529,Manufacturing,"Grünheide (Gigafactory Berlin), Brandenburg",66529.0,2020-10-09,,
248,https://www.tesla.com/de_DE/careers/search/job/senior-recruiter-automotive-m-w-d-gigafactory-berlin-brandenburg-73177,HR,"Grünheide (Gigafactory Berlin), Brandenburg",73177.0,2020-10-07,,
325,https://www.tesla.com/de_DE/careers/search/job/werkzeugmechaniker-gieerei-m-w-d-gigafactory-berlin-brandenburg-71596,Manufacturing,"Grünheide (Gigafactory Berlin), Brandenburg",71596.0,2020-10-06,,
156,https://www.tesla.com/de_DE/careers/search/job/instandhaltung-werkzeug-und-formenbauer-presswerk-m-w-d-gigafactory-berlin-brandenburg-72077,Manufacturing,"Grünheide (Gigafactory Berlin), Brandenburg",72077.0,2020-10-06,,
184,https://www.tesla.com/de_DE/careers/search/job/supplier-industrialization-engineer-general-m-w-d-gigafactory-berlin-brandenburg-67990,Supply Chain,"Grünheide (Gigafactory Berlin), Brandenburg",67990.0,2020-10-05,,
236,https://www.tesla.com/de_DE/careers/search/job/manager-operations-drive-unit-assembly-m-w-d-gigafactory-berlin-64877,Manufacturing,"Grünheide (Gigafactory Berlin), Brandenburg",64877.0,2020-10-02,,
235,https://www.tesla.com/de_DE/careers/search/job/production-engineering-manager-m-w-d-e-drives-gigafactory-berlin-64876,Manufacturing,"Grünheide (Gigafactory Berlin), Brandenburg",64876.0,2020-10-02,,
259,https://www.tesla.com/de_DE/careers/search/job/manufacturing-engineer-plastics-spritzguss-m-w-d-gigafactory-berlin-73038,Manufacturing,"Grünheide (Gigafactory Berlin), Brandenburg",73038.0,2020-10-02,,
150,https://www.tesla.com/de_DE/careers/search/job/facilities-project-manager-m-w-d-gigafactory-berlin-brandenburg-72694,Facilities,"Grünheide (Gigafactory Berlin), Brandenburg",72694.0,2020-09-28,,
166,https://www.tesla.com/de_DE/careers/search/job/packaging-engineer-m-w-d-gigafactory-berlin-72537,Design,"Grünheide (Gigafactory Berlin), Brandenburg",72537.0,2020-09-28,,
152,https://www.tesla.com/de_DE/careers/search/job/senior-traffic-engineer-bauingenieur-verkehrsplanung-und-infrastruktur-m-w-d-gigafactory-berlin-brandenburg-72681,Engineering & Information Technology,"Grünheide (Gigafactory Berlin), Brandenburg",72681.0,2020-09-28,,
170,https://www.tesla.com/de_DE/careers/search/job/packaging-design-engineer-m-w-d-gigafactory-berlin-brandenburg-72540,Design,"Grünheide (Gigafactory Berlin), Brandenburg",72540.0,2020-09-28,,
269,https://www.tesla.com/de_DE/careers/search/job/senior-packaging-design-engineerm-w-d-gigafactory-berlin-brandenburg-72538,Design,"Grünheide (Gigafactory Berlin), Brandenburg",72538.0,2020-09-28,,
186,https://www.tesla.com/de_DE/careers/search/job/stamping-equipment-engineer-cell-engineering-m-w-d-gigafactory-berlin-brandenburg-67675,Manufacturing,"Grünheide (Gigafactory Berlin), Brandenburg",67675.0,2020-09-28,,
263,https://www.tesla.com/de_DE/careers/search/job/leiter-mess-steuer-und-regeltechnik-facilities-automation-m-w-d-gigafactory-berlin-brandenburg-72688,Facilities,"Grünheide (Gigafactory Berlin), Brandenburg",72688.0,2020-09-28,,
291,https://www.tesla.com/de_DE/careers/search/job/color-and-trim-materials-specialist-emea-72276,Design,"Grünheide (Gigafactory Berlin), Brandenburg",72276.0,2020-09-24,,
243,https://www.tesla.com/de_DE/careers/search/job/site-manager-surveying-m-w-d-gigafactory-berlin-72224,Facilities,"Grünheide (Gigafactory Berlin), Brandenburg",72224.0,2020-09-24,,
300,https://www.tesla.com/de_DE/careers/search/job/gieereimechaniker-m-w-d-gigafactory-berlin-brandenburg-71594,Manufacturing,"Grünheide (Gigafactory Berlin), Brandenburg",71594.0,2020-09-22,,
175,https://www.tesla.com/de_DE/careers/search/job/techniker-instandhaltung-presswerk-m-w-d-gigafactory-berlin-brandenburg-71499,Manufacturing,"Grünheide (Gigafactory Berlin), Brandenburg",71499.0,2020-09-22,,
178,https://www.tesla.com/de_DE/careers/search/job/techniker-instandhaltung-druckguss-m-w-d-gigafactory-berlin-brandenburg-71595,Manufacturing,"Grünheide (Gigafactory Berlin), Brandenburg",71595.0,2020-09-22,,
196,https://www.tesla.com/de_DE/careers/search/job/prozess-techniker-montage-m-w-d-gigafactory-berlin-brandenburg-70912,Manufacturing,"Grünheide (Gigafactory Berlin), Brandenburg",70912.0,2020-09-18,,
204,https://www.tesla.com/de_DE/careers/search/job/technical-program-manager-new-product-introduction-m-w-d-gigafactory-berlin-62184,Manufacturing,"Grünheide (Gigafactory Berlin), Brandenburg",62184.0,2020-09-15,,
177,https://www.tesla.com/de_DE/careers/search/job/technical-sourcer-talent-researcher-m-w-d-gigafactory-berlin-brandenburg-71315,HR,"Grünheide (Gigafactory Berlin), Brandenburg",71315.0,2020-09-14,,
324,https://www.tesla.com/de_DE/careers/search/job/manufacturing-engineer-drive-unit-assembly-m-w-d-gigafactory-berlin-brandenburg-70746,Manufacturing,"Grünheide (Gigafactory Berlin), Brandenburg",70746.0,2020-09-09,,
294,https://www.tesla.com/de_DE/careers/search/job/seats-manufacturing-engineer-m-w-d-gigafactory-berlin-brandenburg-70776,Manufacturing,"Grünheide (Gigafactory Berlin), Brandenburg",70776.0,2020-09-07,,
285,https://www.tesla.com/de_DE/careers/search/job/mitarbeiter-materialversorgung-und-abfertigung-m-w-d-lagerist-lagermitarbeiter-material-handler-gigafactory-berlin-70760,Manufacturing,"Grünheide (Gigafactory Berlin), Brandenburg",70760.0,2020-09-07,,
310,https://www.tesla.com/de_DE/careers/search/job/inbetriebnahme-tga-mechanical-supervisor-testing-and-commissioning-m-w-d-gigafactory-berlin-70365,Facilities,"Grünheide (Gigafactory Berlin), Brandenburg",70365.0,2020-09-02,,
145,https://www.tesla.com/de_DE/careers/search/job/schichtleiter-meister-instandhaltung-druckguss-m-w-d-gigafactory-berlin-brandenburg-69701,Manufacturing,"Grünheide (Gigafactory Berlin), Brandenburg",69701.0,2020-09-01,,
253,https://www.tesla.com/de_DE/careers/search/job/manufacturing-engineer-stamping-dies-gigafactory-berlin-m-w-d-69790,Manufacturing,"Grünheide (Gigafactory Berlin), Brandenburg",69790.0,2020-09-01,,
306,https://www.tesla.com/de_DE/careers/search/job/supplier-operations-support-analyst-m-w-d-gigafactory-berlin-69623,Supply Chain,"Grünheide (Gigafactory Berlin), Brandenburg",69623.0,2020-09-01,,
283,https://www.tesla.com/de_DE/careers/search/job/schichtleiter-meister-druckguss-produktion-m-w-d-gigafactory-berlin-brandenburg-69703,Manufacturing,"Grünheide (Gigafactory Berlin), Brandenburg",69703.0,2020-09-01,,
239,https://www.tesla.com/de_DE/careers/search/job/stamping-equipment-engineer-gigafactory-berlin-m-w-d-69788,Manufacturing,"Grünheide (Gigafactory Berlin), Brandenburg",69788.0,2020-09-01,,
281,https://www.tesla.com/de_DE/careers/search/job/lead-production-controller-m-w-d-gigafactory-berlin-69787,Manufacturing,"Grünheide (Gigafactory Berlin), Brandenburg",69787.0,2020-08-28,,
278,https://www.tesla.com/de_DE/careers/search/job/system-analyst-production-m-w-d-gigafactory-berlin-69789,Manufacturing,"Grünheide (Gigafactory Berlin), Brandenburg",69789.0,2020-08-28,,
249,https://www.tesla.com/de_DE/careers/search/job/manager-vehicle-operations-planning-and-systems-leitung-der-produktionssteuerung-m-w-d-gigafactory-berlin-brandenburg-69786,Manufacturing,"Grünheide (Gigafactory Berlin), Brandenburg",69786.0,2020-08-28,,
295,https://www.tesla.com/de_DE/careers/search/job/techniker-qualitt-lackiererei-m-w-d-gigafactory-berlin-brandenburg-69689,Manufacturing,"Grünheide (Gigafactory Berlin), Brandenburg",69689.0,2020-08-28,,
255,https://www.tesla.com/de_DE/careers/search/job/fertigungsingenieur-equipment-engineer-schraubtechnik-m-w-d-gigafactory-berlin-brandenburg-69785,Manufacturing,"Grünheide (Gigafactory Berlin), Brandenburg",69785.0,2020-08-28,,
274,https://www.tesla.com/de_DE/careers/search/job/program-manager-capacity-planning-m-w-d-gigafactory-berlin-69702,Manufacturing,"Grünheide (Gigafactory Berlin), Brandenburg",69702.0,2020-08-27,,
275,https://www.tesla.com/de_DE/careers/search/job/industrial-engineer-m-w-d-gigafactory-berlin-69704,Manufacturing,"Grünheide (Gigafactory Berlin), Brandenburg",69704.0,2020-08-27,,
299,https://www.tesla.com/de_DE/careers/search/job/manager-stamping-operations-gigafactory-berlin-m-w-d-68403,Manufacturing,"Grünheide (Gigafactory Berlin), Brandenburg",68403.0,2020-08-27,,
162,https://www.tesla.com/de_DE/careers/search/job/manufacturing-facility-engineer-paint-layout-building-utilities-gigafactory-berlin-m-w-d-68375,Facilities,"Grünheide (Gigafactory Berlin), Brandenburg",68375.0,2020-08-27,,
309,https://www.tesla.com/de_DE/careers/search/job/schichtleiter-meister-instandhaltung-werkzeug-und-formenbau-presswerk-m-w-d-gigafactory-berlin-brandenburg-66804,Manufacturing,"Grünheide (Gigafactory Berlin), Brandenburg",66804.0,2020-08-26,,
284,https://www.tesla.com/de_DE/careers/search/job/prozess-techniker-lackiererei-m-w-d-gigafactory-berlin-brandenburg-69593,Manufacturing,"Grünheide (Gigafactory Berlin), Brandenburg",69593.0,2020-08-26,,
165,https://www.tesla.com/de_DE/careers/search/job/techniker-instandhaltung-lackiererei-m-w-d-gigafactory-berlin-brandenburg-69595,Manufacturing,"Grünheide (Gigafactory Berlin), Brandenburg",69595.0,2020-08-26,,
312,https://www.tesla.com/de_DE/careers/search/job/leitung-batteriemodule-fertigung-m-w-d-manager-battery-pack-operations-gigafactory-berlin-68931,Manufacturing,"Grünheide (Gigafactory Berlin), Brandenburg",68931.0,2020-08-25,,
262,https://www.tesla.com/de_DE/careers/search/job/process-manufacturing-engineer-general-assembly-neutypplanung-endmontage-m-w-d-gigafactory-berlin-brandenburg-69272,Manufacturing,"Grünheide (Gigafactory Berlin), Brandenburg",69272.0,2020-08-25,,
321,https://www.tesla.com/de_DE/careers/search/job/associate-manager-production-operations-biw-teamleiter-produktion-karosseriebau-m-w-d-gigafactory-berlin-69026,Manufacturing,"Grünheide (Gigafactory Berlin), Brandenburg",69026.0,2020-08-25,,
202,https://www.tesla.com/de_DE/careers/search/job/equipment-manufacturing-engineer-general-assembly-neutypplanung-endmontage-m-w-d-gigafactory-berlin-brandenburg-69271,Manufacturing,"Grünheide (Gigafactory Berlin), Brandenburg",69271.0,2020-08-25,,
174,https://www.tesla.com/de_DE/careers/search/job/paint-automation-equipment-engineer-maschinenbauingenieur-gigafactory-berlin-m-w-d-69294,Engineering & Information Technology,"Grünheide (Gigafactory Berlin), Brandenburg",69294.0,2020-08-24,,
297,https://www.tesla.com/de_DE/careers/search/job/staff-packaging-engineer-m-w-d-gigafactory-berlin-69039,Design,"Grünheide (Gigafactory Berlin), Brandenburg",69039.0,2020-08-20,,
146,https://www.tesla.com/de_DE/careers/search/job/manager-intralogistik-material-handling-m-w-d-gigafactory-berlin-brandenburg-68566,Supply Chain,"Grünheide (Gigafactory Berlin), Brandenburg",68566.0,2020-08-20,,
277,https://www.tesla.com/de_DE/careers/search/job/maintenance-manager-stamping-equipment-leitung-instandhaltung-presswerk-gigafactory-berlin-m-w-d-66802,Manufacturing,"Grünheide (Gigafactory Berlin), Brandenburg",66802.0,2020-08-14,,
157,https://www.tesla.com/de_DE/careers/search/job/automatisierungstechniker-fahrzeugendmontage-m-w-d-gigafactory-berlin-68174,Manufacturing,"Grünheide (Gigafactory Berlin), Brandenburg",68174.0,2020-08-11,,
169,https://www.tesla.com/de_DE/careers/search/job/senior-analyst-global-trade-and-new-markets-emea-m-w-d-gigafactory-berlin-brandenburg-67993,Supply Chain,"Grünheide (Gigafactory Berlin), Brandenburg",67993.0,2020-08-09,,
303,https://www.tesla.com/de_DE/careers/search/job/manager-of-maintenance-battery-leitung-der-instandhaltung-in-der-batteriemontage-m-w-d-gigafactory-berlin-65290,Manufacturing,"Grünheide (Gigafactory Berlin), Brandenburg",65290.0,2020-08-05,,
232,https://www.tesla.com/de_DE/careers/search/job/process-engineer-prozessingenieur-battery-module-pack-m-w-d-gigafactory-berlin-brandenburg-64618,Manufacturing,"Grünheide (Gigafactory Berlin), Brandenburg",64618.0,2020-08-05,,
260,https://www.tesla.com/de_DE/careers/search/job/cell-abuse-test-engineer-m-w-d-gigafactory-berlin-brandenburg-67556,Engineering & Information Technology,"Grünheide (Gigafactory Berlin), Brandenburg",67556.0,2020-08-04,,
194,https://www.tesla.com/de_DE/careers/search/job/firmware-engineering-technician-m-w-d-gigafactory-berlin-brandenburg-66539,Engineering & Information Technology,"Grünheide (Gigafactory Berlin), Brandenburg",66539.0,2020-07-24,,
268,https://www.tesla.com/de_DE/careers/search/job/equipment-development-engineer-cell-manufacturing-m-w-d-gigafactory-berlin-brandenburg-66530,Manufacturing,"Grünheide (Gigafactory Berlin), Brandenburg",66530.0,2020-07-22,,
144,https://www.tesla.com/de_DE/careers/search/job/battery-material-engineer-m-w-d-gigafactory-berlin-brandenburg-66541,Manufacturing,"Grünheide (Gigafactory Berlin), Brandenburg",66541.0,2020-07-22,,
273,https://www.tesla.com/de_DE/careers/search/job/lab-manager-cell-testing-m-w-d-gigafactory-berlin-brandenburg-66543,Manufacturing,"Grünheide (Gigafactory Berlin), Brandenburg",66543.0,2020-07-22,,
247,https://www.tesla.com/de_DE/careers/search/job/supervisor-paint-automation-sealer-m-w-d-gigafactory-berlin-brandenburg-66040,Manufacturing,"Grünheide (Gigafactory Berlin), Brandenburg",66040.0,2020-07-20,,
240,https://www.tesla.com/de_DE/careers/search/job/schichtleiter-meister-lackiererei-automation-roboter-m-w-d-gigafactory-berlin-brandenburg-66039,Manufacturing,"Grünheide (Gigafactory Berlin), Brandenburg",66039.0,2020-07-20,,
326,https://www.tesla.com/de_DE/careers/search/job/schichtleiter-meister-karosseriebau-m-w-d-gigafactory-berlin-brandenburg-66043,Manufacturing,"Grünheide (Gigafactory Berlin), Brandenburg",66043.0,2020-07-19,,
161,https://www.tesla.com/de_DE/careers/search/job/schichtleiter-meister-instandhaltung-karosseriebau-m-w-d-gigafactory-berlin-brandenburg-66044,Manufacturing,"Grünheide (Gigafactory Berlin), Brandenburg",66044.0,2020-07-19,,
141,https://www.tesla.com/de_DE/careers/search/job/schichtleiter-meister-instandhaltung-lackiererei-m-w-d-gigafactory-berlin-brandenburg-66038,Manufacturing,"Grünheide (Gigafactory Berlin), Brandenburg",66038.0,2020-07-19,,
271,https://www.tesla.com/de_DE/careers/search/job/fasteners-engineer-ingenieur-fr-verbindungselemente-gigafactory-berlin-m-w-d-66045,Manufacturing,"Grünheide (Gigafactory Berlin), Brandenburg",66045.0,2020-07-16,,
280,https://www.tesla.com/de_DE/careers/search/job/schichtleiter-meister-presswerk-m-w-d-gigafactory-berlin-brandenburg-66041,Manufacturing,"Grünheide (Gigafactory Berlin), Brandenburg",66041.0,2020-07-15,,
267,https://www.tesla.com/de_DE/careers/search/job/schichtleiter-meister-instandhaltung-presswerk-m-w-d-gigafactory-berlin-brandenburg-66042,Manufacturing,"Grünheide (Gigafactory Berlin), Brandenburg",66042.0,2020-07-15,,
231,https://www.tesla.com/de_DE/careers/search/job/senior-manager-software-engineering-m-w-d-gigafactory-berlin-64614,Engineering & Information Technology,"Grünheide (Gigafactory Berlin), Brandenburg",64614.0,2020-06-19,,
213,https://www.tesla.com/de_DE/careers/search/job/process-engineer-biw-prozessingenieur-gigafactory-berlin-m-w-d-62864,Manufacturing,"Grünheide (Gigafactory Berlin), Brandenburg",62864.0,2020-06-17,,
233,https://www.tesla.com/de_DE/careers/search/job/process-engineer-prozessingenieur-rotor-stator-m-w-d-gigafactory-berlin-64619,Manufacturing,"Grünheide (Gigafactory Berlin), Brandenburg",64619.0,2020-06-17,,
230,https://www.tesla.com/de_DE/careers/search/job/controls-engineer-ingenieur-automatisierungstechnik-fahrzeugendmontage-m-w-d-gigafactory-berlin-64443,Manufacturing,"Grünheide (Gigafactory Berlin), Brandenburg",64443.0,2020-06-12,,
229,https://www.tesla.com/de_DE/careers/search/job/process-engineer-prozessingenieur-fahrzeugendmontage-m-w-d-gigafactory-berlin-64441,Manufacturing,"Grünheide (Gigafactory Berlin), Brandenburg",64441.0,2020-06-12,,
226,https://www.tesla.com/de_DE/careers/search/job/sicherheitsingenieur-fachkraft-fr-arbeitssicherheit-m-w-d-gigafactory-berlin-64152,Facilities,"Grünheide (Gigafactory Berlin), Brandenburg",64152.0,2020-06-11,,
222,https://www.tesla.com/de_DE/careers/search/job/molten-metal-process-engineer-castings-schmelzprozess-druckgu-gigafactory-berlin-m-w-d-63836,Manufacturing,"Grünheide (Gigafactory Berlin), Brandenburg",63836.0,2020-06-09,,
221,https://www.tesla.com/de_DE/careers/search/job/equipment-engineer-castings-konstrukteur-planer-druckgieanlage-gigafactory-berlin-m-w-d-63835,Manufacturing,"Grünheide (Gigafactory Berlin), Brandenburg",63835.0,2020-06-09,,
227,https://www.tesla.com/de_DE/careers/search/job/security-engineer-intrusion-detection-m-w-d-gigafactory-berlin-64162,Engineering & Information Technology,"Grünheide (Gigafactory Berlin), Brandenburg",64162.0,2020-06-08,,
225,https://www.tesla.com/de_DE/careers/search/job/controls-automation-engineer-plc-programmer-biw-gigafactory-berlin-m-w-d-64055,Manufacturing,"Grünheide (Gigafactory Berlin), Brandenburg",64055.0,2020-06-08,,
228,https://www.tesla.com/de_DE/careers/search/job/meister-prozesstechnik-montage-supervisor-general-assembly-engineering-tech-m-w-d-gigafactory-berlin-64201,Manufacturing,"Grünheide (Gigafactory Berlin), Brandenburg",64201.0,2020-06-08,,
223,https://www.tesla.com/de_DE/careers/search/job/meister-techniker-end-of-line-nacharbeit-in-der-fahrzeug-montage-supervisor-general-assembly-end-of-line-repair-m-w-d-gigafactory-berlin-brandenburg-63928,Manufacturing,"Grünheide (Gigafactory Berlin), Brandenburg",63928.0,2020-06-02,,
224,https://www.tesla.com/de_DE/careers/search/job/kfz-mechatroniker-mechaniker-end-of-line-nacharbeit-in-der-fahrzeug-montage-technician-general-assembly-end-of-line-repair-m-w-d-gigafactory-berlin-brandenburg-63929,Manufacturing,"Grünheide (Gigafactory Berlin), Brandenburg",63929.0,2020-06-02,,
220,https://www.tesla.com/de_DE/careers/search/job/dimensional-engineer-body-shop-gigafactory-berlin-m-w-d-63777,Manufacturing,"Grünheide (Gigafactory Berlin), Brandenburg",63777.0,2020-05-29,,
219,https://www.tesla.com/de_DE/careers/search/job/schichtleiter-meister-instandhaltung-supervisor-maintenance-general-assembly-m-w-d-gigafactory-berlin-brandenburg-63774,Manufacturing,"Grünheide (Gigafactory Berlin), Brandenburg",63774.0,2020-05-28,,
216,https://www.tesla.com/de_DE/careers/search/job/instandhalter-fahrzeugendmontage-m-w-d-gigafactory-berlin-brandenburg-63146,Manufacturing,"Grünheide (Gigafactory Berlin), Brandenburg",63146.0,2020-05-08,,
214,https://www.tesla.com/de_DE/careers/search/job/senior-manager-intralogistics-m-w-d-gigafactory-berlin-brandenburg-63055,Supply Chain,"Grünheide (Gigafactory Berlin), Brandenburg",63055.0,2020-05-05,,
207,https://www.tesla.com/de_DE/careers/search/job/associate-manager-paint-production-gigafactory-berlin-m-w-d-62593,Manufacturing,"Grünheide (Gigafactory Berlin), Brandenburg",62593.0,2020-04-24,,
212,https://www.tesla.com/de_DE/careers/search/job/equipment-engineer-paint-maschinenbauingenieur-gigafactory-berlin-m-w-d-62831,Manufacturing,"Grünheide (Gigafactory Berlin), Brandenburg",62831.0,2020-04-22,,
210,https://www.tesla.com/de_DE/careers/search/job/controls-engineer-castings-gigafactory-berlin-m-w-d-62658,Manufacturing,"Grünheide (Gigafactory Berlin), Brandenburg",62658.0,2020-04-21,,
205,https://www.tesla.com/de_DE/careers/search/job/site-reliability-engineer-w-m-d-gigafactory-berlin-62312,Engineering & Information Technology,"Grünheide (Gigafactory Berlin), Brandenburg",62312.0,2020-03-28,,
206,https://www.tesla.com/de_DE/careers/search/job/manager-of-maintenance-general-assembly-leitung-der-instandhaltung-in-der-fahrzeugmontage-m-w-d-gigafactory-berlin-62537,Manufacturing,"Grünheide (Gigafactory Berlin), Brandenburg",62537.0,2020-03-25,,
190,https://www.tesla.com/de_DE/careers/search/job/hr-employee-advisor-w-m-d-gigafactory-berlin-60079,HR,"Grünheide (Gigafactory Berlin), Brandenburg",60079.0,2020-03-18,,
191,https://www.tesla.com/de_DE/careers/search/job/manager-material-flow-engineering-m-w-d-gigafactory-berlin-60427,Manufacturing,"Grünheide (Gigafactory Berlin), Brandenburg",60427.0,2020-03-17,,
201,https://www.tesla.com/de_DE/careers/search/job/produktionsmitarbeiter-m-w-d-gigafactory-berlin-brandenburg-60866,Manufacturing,"Grünheide (Gigafactory Berlin), Brandenburg",60866.0,2020-03-03,,
189,https://www.tesla.com/de_DE/careers/search/job/hr-operations-specialist-w-m-d-gigafactory-berlin-60077,HR,"Grünheide (Gigafactory Berlin), Brandenburg",60077.0,2020-02-21,,
188,https://www.tesla.com/de_DE/careers/search/job/hr-business-partner-w-m-d-gigafactory-berlin-60075,HR,"Grünheide (Gigafactory Berlin), Brandenburg",60075.0,2020-02-21,,
